<?xml version="1.0" encoding="UTF-8" standalone="yes" ?> 
<!DOCTYPE config>

<config>
<gen>
    <beg> "2020-10-29 05:59:00" </beg>
   <end> "2020-10-29 06:24:00" </end>
   <sys> GPS GAL BDS </sys>
   <rec>  SEPT R293</rec>
   <base> R293 </base>
   <rover> SEPT</rover>
   <int>  1   </int> 
 </gen>
 
 <receiver>
    <rec id="R293" X="-2267776.01115" Y="5009357.43174" Z="3220982.10379"/>
</receiver>

 <inputs>
   <rinexo>  
   .\GNSS\Rover\SEPT3030.20O
	.\GNSS\Base\R2933030.20o
   </rinexo>
   <rinexn> 
   ./GNSS/Product/BRDM00DLR_S_20203030000_01D_MN.rnx
   </rinexn>
   <rinexc> 
   ./GNSS/Product/GBM0MGXRAP_20203030000_01D_30S_CLK.CLK
   </rinexc>
   <sp3> 
   ./GNSS/Product/GBM0MGXRAP_20203030000_01D_05M_ORB.SP3
   </sp3>
   <atx> ./model/igs14_2185.atx </atx>
   <blq> ./model/oceanload </blq>
   <DE> ./model/jpleph_de405 </DE>
   <EOP> ./model/poleut1_2109_2201 </EOP>
   <imu> .\IMU\ADIS.txt    </imu>
 </inputs>

 <outputs append="false" verb="0">                                             <!--> output file：whether append & verb：the larger the value，the more detailed the output log. <!-->
     <log type="BASIC" level="INFO"  name="MSF" />                             <!--> log file <!-->
   <flt> ./result/$(rec)-MSF.flt </flt>
   <ins> ./result/$(rec)-MSF.ins </ins>                                        <!--> result file <!-->
   <kml> ./result/$(rec)-MSF.kml </kml>
 </outputs>
 
 
 <process>
  <phase>				   true  		   </phase>
  <tropo>				   false 		   </tropo> 
  <iono>				   false 		   </iono> 
  <doppler> 			   false  	   	   </doppler> 
  <tropo_model>            saastamoinen  </tropo_model> 
  <sig_init_crd>           30            </sig_init_crd>
  <sig_init_vel>           10             </sig_init_vel>
  <sig_init_ztd>           10             </sig_init_ztd>
  <sig_init_amb>           30            </sig_init_amb>
  <sig_init_gal>           10            </sig_init_gal>
  <sig_init_glo>           10            </sig_init_glo>
  <sig_init_bds>           10            </sig_init_bds>
  <sig_init_vion>          100           </sig_init_vion>
  <minimum_elev>           15             </minimum_elev> 
  <obs_combination> 	   RAW_MIX     </obs_combination> 
  <max_res_norm> 		   3.8 		   </max_res_norm>
  <pos_kin>				   true    	   </pos_kin> 
  <sd_sat> 				   false 		   </sd_sat>
  <min_sat> 				 6 	 	   </min_sat>
  <obs_weight>  		   SINEL 		   </obs_weight> 
  <basepos>  		       CFILE 		   </basepos> 
  <bds_code_bias_corr> 	   true        </bds_code_bias_corr>
  <slip_model>  		   default 	   </slip_model> 
  <frequency>              2  			 </frequency>
</process>

<filter
  method_flt="srcf"
  noise_crd="40"
  noise_vel="20"
  rnkwk_vion="1000"
  noise_dclk="100"
  rndwk_ztd="6"
  rndwk_amb="0"
/>

 <ambiguity>
   <fix_mode> SEARCH </fix_mode>      
   <part_fix>  YES  </part_fix>   
   <part_fix_num> 4 </part_fix_num>   
   <ratio>  3  </ratio>           
   <add_leo>  NO   </add_leo>
   <set_refsat> YES </set_refsat>
   <all_baselines>  NO  </all_baselines>
   <min_common_time>  1  </min_common_time>               
   <baseline_length_limit>  3500  </baseline_length_limit>
   <widelane_interval> 30 </widelane_interval>            
   <extra_widelane_decision  maxdev = "0.275" maxsig = "0.10" alpha = "1000" />
   <widelane_decision     maxdev = "0.275" maxsig = "0.10" alpha = "1000" />
   <narrowlane_decision   maxdev = "0.375" maxsig = "0.10" alpha = "1000" />
 </ambiguity>

 <bds sigma_C="3" sigma_L="0.03" >
 <freq>  1  2 </freq>
 <band>  2  7 </band>
 </bds>

 <gps sigma_C="2" sigma_L="0.02" >
  <freq>  1  2 </freq>
  <band> 1  2  </band>
 </gps>
 
 <gal sigma_C="3" sigma_L="0.03" >
  <freq>  1  2 </freq>
  <band> 1  7  </band>
 </gal>
 
 <glo sigma_C="3" sigma_L="0.03" >
  <freq>  1  2 </freq>
    <band> 1  2  </band>
 </glo>
 
 <qzs sigma_C="3" sigma_L="0.03" >
  <freq>  1  2 </freq>
  <band> 1  2  </band>
 </qzs>
 
<ins>
	<ProcTime Start="0" End="100000000000"/>
	
	<DataFormat>
		<AxisOrder Type="garfu"  Format="garfu/gaflu/gafrd/starneto/unicore" />
		<GyroUnit Type="DPS" Format="DPS/RPS/RAD/DPH/RPH" />
		<AcceUnit Type="MPS2" Format="MPS/MPS2" />
		<Frequency Value ="100" Description="Hz" />
	</DataFormat>
	
	<Alignment Type="POS"  Format="OFF/STATIC/POS/VEL">
		<PositionVector Value="3" Description="m" />
		<VelocityVector Value="1" Description="m/s" />
		<CoarseAlignTime Value="300" Description="s" />
	</Alignment>
	
	<InitialStates>
		<Position Type="OFF" Format="OFF/Cartesian/Geodetic"  X="-2264975.053"  Y="5011133.582"  Z="3220185.787" Description="m"  />
		<Velocity Type="OFF" Format="OFF/Cartesian"  X="0.096" Y="4.552"  Z="-6.327"  Description="m/s" />
		<Attitude Type="OFF" Format="OFF/ON" Pitch="3.0932157894" Roll="0.1179490917" Yaw="165.921753953" Description="deg" />
		<GyroBias Type="OFF" Format="OFF/ON" X="401" Y="32"  Z="-85" Description="deg/h" />
		<AcceBias Type="OFF" Format="OFF/ON" X="0" Y="0"  Z="0" Description="mg" />
	</InitialStates> 
 </ins>
 
 <integration> 
	<GNSS Type="LCI" Format="OFF/LCI/TCI">
		<AntennaLever Type="RFU" Format="RFU" X="0.01" Y="-0.273" Z="0.009" Description="m" /> 
		<DelayTime Value="0.01" Description="s"/>
		<LCISetting MinSat="5" MaxPDOP="3" MaxNorm="5"/>
	</GNSS>
	
	<Estimator Type="Forward" Format="Forward/Backward/FBS/RTS" >
		<IMUErrorModel Type="ADIS 16470"   Format="Customize/ADIS 16470/StarNeto"   />
		<Attitude InitialSTD="1,1,10" ProcNoiseSD="1,3,3" Description="deg" />
		<Velocity InitialSTD="1,1,1" ProcNoiseSD="1,1,1" Description="m/s" />
		<Position InitialSTD="10,10,10" ProcNoiseSD="0,0,0" Description="m" />
		<GyroBias InitialSTD="100,100,100" ProcNoiseSD="0,0,0" Description="deg/h" />
		<AcceBias InitialSTD="10,10,10" ProcNoiseSD="0,0,0" Description="mg" />
	</Estimator>
</integration>  


</config>
 
